ticker,name,peer_of,current_price,pe_ratio,market_cap,div_yield,net_profit_qtr,qtr_profit_var,sales_qtr,qtr_sales_var,roce,latest_quarter,results_pending
POWERINDIA,Hitachi Energy,544150;ATLANTAELE;GVT&D,32800.00,165.82,146261.19,,,119.97,,28.51,,,True
BHEL,B H E L,544150;ATLANTAELE;GVT&D,395.25,86.03,137663.11,,,155.82,,36.88,,Mar 2026,False
ABB,A B B,544150;ATLANTAELE;GVT&D,6413.50,89.20,135878.68,,,-25.23,,5.78,,Mar 2026,False
CGPOWER,CG Power & Ind,544150;ATLANTAELE;GVT&D,808.75,103.63,127418.62,,,33.67,,25.03,,Mar 2026,False
SIEMENS,Siemens,544150;ATLANTAELE;GVT&D,3535.10,77.01,125948.33,,,-10.62,,14.01,,Dec 2025,True
GVT&D,GE Vernova T&D,544150;ATLANTAELE;GVT&D,4426.80,607.88,113510.27,,,86.32,,42.04,,,True
ENRIN,Siemens Ener.Ind,544150;ATLANTAELE;GVT&D,3060.70,80.78,108913.10,,,52.21,,27.38,,,True
SUZLON,Suzlon Energy,GVT&D,53.25,22.43,72461.60,,,15.08,,42.40,,Dec 2025,True
WAAREEENER,Waaree Energies,544310;UTLSOLAR;WAAREERTL,2997.50,21.96,86209.22,,,70.64,,111.80,,Mar 2026,False
APARINDS,Apar Inds.,544310;UTLSOLAR;WAAREERTL,12154.00,49.25,48841.42,,,29.80,,16.18,,Dec 2025,True
PREMIERENE,Premier Energies,544310;UTLSOLAR;WAAREERTL,986.90,29.68,44811.89,,,64.44,,37.60,,Mar 2026,False
EMMVEE,Emmvee Photovol.,544310;UTLSOLAR;WAAREERTL,252.40,16.17,17484.95,,,89.43,,62.25,,Mar 2026,False
DIACABS,Diamond Power,544310;UTLSOLAR;WAAREERTL,191.82,96.12,10113.51,,,692.98,,54.21,,Dec 2025,True
WAAREERTL,Waaree Renewab.,544310;UTLSOLAR;WAAREERTL,933.80,20.35,9739.16,,,60.69,,131.31,,Mar 2026,False
GENUSPOWER,Genus Power,544310;UTLSOLAR;WAAREERTL,304.75,15.66,9276.95,,,41.08,,64.09,,Mar 2026,False
BSE,BSE,BSE;MCX,4120.70,67.54,167835.73,,,61.47,,84.67,,Mar 2026,False
MCX,Multi Comm. Exc.,BSE;MCX,3348.40,64.11,85368.88,,,291.09,,205.13,,Mar 2026,False
IEX,Indian Energy Ex,BSE;MCX,123.50,23.25,11014.16,,,10.69,,21.94,,Mar 2026,False
HINDZINC,Hindustan Zinc,HINDZINC,636.50,19.48,269089.22,,,67.60,,49.05,,Mar 2026,False
513496,Sizemasters Tech,HINDZINC,379.85,97.40,379.85,,,342.86,,50.62,,Dec 2025,True
ATLANTAELE,Atlanta Electric,ATLANTAELE,1646.10,62.71,12710.77,,,129.07,,81.69,,Mar 2026,False
HINDCOPPER,Hindustan Copper,HINDCOPPER,581.15,56.89,56188.74,,,137.35,,58.06,,Mar 2026,False
513119,Onix Solar,HINDCOPPER,754.10,67.71,2721.23,,,3910.94,,202.11,,,True
BHAGYANGR,Bhagyanagar Ind,HINDCOPPER,301.55,19.22,964.50,,,303.71,,61.83,,Mar 2026,False
513544,Mardia Samyoung,HINDCOPPER,67.71,241.27,538.03,,,2400.00,,,,,True
512024,N D Metal Inds.,HINDCOPPER,79.80,94.24,19.79,,,16.67,,-100.00,,,True
LTTS,L&T Technology,NETWEB,3549.50,27.88,37675.68,,,23.41,,8.34,,Mar 2026,False
IKS,Inventurus Knowl,NETWEB,1595.40,37.97,27400.02,,,39.36,,18.47,,Mar 2026,False
TATATECH,Tata Technolog.,NETWEB,629.40,41.68,25554.85,,,-8.66,,22.29,,Mar 2026,False
NETWEB,Netweb Technol.,NETWEB,3806.10,105.27,21666.83,,,65.67,,86.59,,,True
AFFLE,Affle 3i,NETWEB,1456.20,45.07,20500.68,,,15.95,,20.28,,Mar 2026,False
SAGILITY,Sagility,NETWEB,41.38,20.43,19375.95,,,41.17,,29.06,,Mar 2026,False
BBOX,Black Box,NETWEB,935.20,60.98,16573.90,,,0.13,,10.51,,Dec 2025,True
GROWW,Billionbrains,GROWW;INDOTHAI,183.82,55.38,115364.29,,,122.06,,87.93,,Mar 2026,False
MOTILALOFS,Motil.Oswal.Fin.,GROWW;INDOTHAI,834.30,26.89,50264.35,,,-241.64,,124.84,,Mar 2026,False
360ONE,360 ONE,GROWW;INDOTHAI,1104.90,36.94,44920.31,,,15.68,,35.91,,Mar 2026,False
ANGELONE,Angel One,GROWW;INDOTHAI,303.95,30.33,27751.85,,,83.50,,38.20,,Mar 2026,False
NUVAMA,Nuvama Wealth,GROWW;INDOTHAI,1439.60,25.20,26230.18,,,5.38,,13.34,,Mar 2026,False
IIFLCAPS,IIFL Capital,GROWW;INDOTHAI,346.05,19.20,10778.77,,,-10.32,,19.95,,Mar 2026,False
ARSSBL,Anand Rathi Shar,GROWW;INDOTHAI,519.65,24.86,3276.41,,,125.15,,28.25,,Mar 2026,False
544150,KP Green Engg.,544150,405.20,14.92,2026.00,,,66.44,,65.06,,Mar 2026,False
MOTHERSON,Samvardh. Mothe.,PRICOLLTD;SEDEMAC,128.75,38.54,135857.08,,,20.06,,13.53,,Dec 2025,True
BOSCHLTD,Bosch,PRICOLLTD;SEDEMAC,37155.00,47.48,109705.42,,,7.90,,9.40,,Dec 2025,True
BHARATFORG,Bharat Forge,PRICOLLTD;SEDEMAC,1891.00,76.61,90375.86,,,2.05,,17.53,,Mar 2026,False
SCHAEFFLER,Schaeffler India,PRICOLLTD;SEDEMAC,3974.20,49.69,62135.17,,,20.46,,18.81,,Mar 2026,False
UNOMINDA,Uno Minda,PRICOLLTD;SEDEMAC,1067.80,50.64,61624.14,,,22.39,,17.85,,Mar 2026,False
TIINDIA,Tube Investments,PRICOLLTD;SEDEMAC,2815.00,82.69,54457.42,,,81.73,,20.68,,Mar 2026,False
ENDURANCE,Endurance Tech.,PRICOLLTD;SEDEMAC,2526.70,36.66,35464.75,,,17.32,,37.88,,Mar 2026,False
SEDEMAC,Sedemac Mechatro,SEDEMAC,1972.80,84.20,8720.98,,,272.59,,59.91,,,True
UTLSOLAR,Fujiyama Power,UTLSOLAR,263.55,409.70,8095.77,,,,,,,,True
INDOTHAI,Indo Thai Sec.,INDOTHAI,269.05,44.47,2942.32,,,1114.73,,555.38,,Mar 2026,False
SUNPHARMA,Sun Pharma.Inds.,ACUTAAS;NEULANDLAB;SOLARA,1905.80,37.64,456827.45,,,18.73,,13.49,,Dec 2025,True
DIVISLAB,Divi's Lab.,ACUTAAS;NEULANDLAB;SOLARA,6835.00,71.62,181431.67,,,8.20,,12.29,,Dec 2025,True
TORNTPHARM,Torrent Pharma.,ACUTAAS;NEULANDLAB;SOLARA,4393.70,64.49,148687.59,,,27.63,,17.59,,Dec 2025,True
CIPLA,Cipla,ACUTAAS;NEULANDLAB;SOLARA,1426.20,28.25,115252.78,,,-54.61,,-2.80,,Mar 2026,False
DRREDDY,Dr Reddy's Labs,ACUTAAS;NEULANDLAB;SOLARA,1331.20,26.47,111088.76,,,-86.14,,-11.51,,Mar 2026,False
LUPIN,Lupin,ACUTAAS;NEULANDLAB;SOLARA,2252.40,17.88,103087.47,,,101.49,,31.89,,Mar 2026,False
MANKIND,Mankind Pharma,ACUTAAS;NEULANDLAB;SOLARA,2495.70,55.46,102992.53,,,29.05,,11.52,,Dec 2025,True
ACUTAAS,Acutaas Chemical,ACUTAAS,2799.10,64.33,22918.22,,,110.88,,40.28,,Mar 2026,False
CPPLUS,Aditya Infotech,543619;WINDMACHIN,2417.10,112.18,28471.82,,,138.82,,37.32,,Dec 2025,True
HONAUT,Honeywell Auto,543619;WINDMACHIN,28685.00,49.45,25355.88,,,-2.51,,7.14,,,True
KAYNES,Kaynes Tech,543619;WINDMACHIN,3118.20,57.14,20898.60,,,-21.47,,26.22,,Mar 2026,False
SYRMA,Syrma SGS Tech.,543619;WINDMACHIN,969.95,58.27,18706.36,,,55.84,,58.49,,Mar 2026,False
LMW,LMW,543619;WINDMACHIN,14658.00,129.21,15677.99,,,5.54,,-1.07,,Dec 2025,True
JYOTICNC,Jyoti CNC Auto.,543619;WINDMACHIN,681.65,43.74,15500.10,,,10.31,,28.12,,Dec 2025,True
TEGA,Tega Inds.,543619;WINDMACHIN,1556.00,57.93,11696.51,,,-63.67,,-1.36,,Dec 2025,True
543619,Concord Control,543619,2369.05,58.02,2459.88,,,73.02,,72.57,,Mar 2026,False
DLF,DLF,GODREJPROP;HUBTOWN;KALPATARU;RAYMONDREL;SIGNATURE;SOBHA,573.15,33.50,141809.94,,,-3.22,,-42.00,,Mar 2026,False
LODHA,Lodha Developers,GODREJPROP;HUBTOWN;KALPATARU;RAYMONDREL;SIGNATURE;SOBHA,857.75,25.00,85694.17,,,9.35,,11.58,,Mar 2026,False
PHOENIXLTD,Phoenix Mills,GODREJPROP;HUBTOWN;KALPATARU;RAYMONDREL;SIGNATURE;SOBHA,1724.60,49.68,61669.81,,,50.04,,21.34,,Mar 2026,False
OBEROIRLTY,Oberoi Realty,GODREJPROP;HUBTOWN;KALPATARU;RAYMONDREL;SIGNATURE;SOBHA,1600.70,23.06,58225.21,,,62.36,,52.14,,Mar 2026,False
PRESTIGE,Prestige Estates,GODREJPROP;HUBTOWN;KALPATARU;RAYMONDREL;SIGNATURE;SOBHA,1342.70,59.54,57778.18,,,1157.63,,134.06,,Dec 2025,True
GODREJPROP,Godrej Propert.,GODREJPROP;HUBTOWN;KALPATARU;RAYMONDREL;SIGNATURE;SOBHA,1686.30,27.22,50822.31,,,70.53,,62.99,,Mar 2026,False
ANANTRAJ,Anant Raj,GODREJPROP;HUBTOWN;KALPATARU;RAYMONDREL;SIGNATURE;SOBHA,476.25,30.89,17140.89,,,23.57,,19.64,,Mar 2026,False
RAYMONDREL,Raymond Realty,RAYMONDREL,577.05,12.61,3841.98,,,6613.33,,888.24,,Mar 2026,False
544310,Yash Highvoltage,544310,706.20,51.85,2016.29,,,68.29,,46.53,,Mar 2026,False
FACT,F A C T,KRISHANA,865.65,3785.59,56064.59,,,-948.75,,65.14,,Dec 2025,True
COROMANDEL,Coromandel Inter,KRISHANA,1837.20,27.00,54178.31,,,-42.51,,20.35,,Mar 2026,False
CHAMBLFERT,Chambal Fert.,KRISHANA,457.30,9.41,18372.88,,,29.84,,13.73,,Mar 2026,False
PARADEEP,Paradeep Phosph.,KRISHANA,120.95,12.24,12557.71,,,-10.48,,12.11,,Mar 2026,False
GSFC,G S F C,KRISHANA,169.49,9.75,6751.81,,,18.09,,4.51,,Dec 2025,True
RCF,R C F,KRISHANA,121.67,21.62,6711.33,,,0.90,,-6.24,,Dec 2025,True
MBAPL,M B Agro Prod.,KRISHANA,526.10,30.70,4610.05,,,319.37,,32.99,,,True
KRISHANA,Krishana Phosch.,KRISHANA,665.40,22.37,4029.17,,,152.83,,59.76,,,True
NEULANDLAB,Neuland Labs.,NEULANDLAB,16327.00,57.61,20971.76,,,664.72,,136.40,,Mar 2026,False
PRICOLLTD,Pricol Ltd,PRICOLLTD,553.55,26.95,6759.95,,,109.53,,42.87,,Mar 2026,False
TITAN,Titan Company,THANGAMAYL,4169.70,71.92,370237.92,,,31.00,,80.48,,Mar 2026,False
KALYANKJIL,Kalyan Jewellers,THANGAMAYL,346.10,25.92,35722.90,,,118.27,,66.22,,Mar 2026,False
THANGAMAYL,Thangamayil Jew.,THANGAMAYL,3546.90,31.19,11023.87,,,354.33,,105.63,,,True
PCJEWELLER,PC Jeweller,THANGAMAYL,8.16,12.04,7914.33,,,28.97,,36.90,,Dec 2025,True
PNGJL,P N Gadgil Jewe.,THANGAMAYL,545.25,17.94,7398.85,,,45.60,,123.16,,Mar 2026,False
BLUESTONE,Bluestone Jewel,THANGAMAYL,464.20,475.99,7063.68,,,162.67,,47.73,,Mar 2026,False
SKYGOLD,Sky Gold & Diam.,THANGAMAYL,442.45,30.01,6880.92,,,120.42,,77.13,,Dec 2025,True
GESHIP,GE Shipping Co,SEAMECLTD,1696.50,8.24,24249.69,,,187.56,,23.58,,Mar 2026,False
SCI,S C I,SEAMECLTD,344.70,11.88,16073.10,,,118.54,,14.19,,Mar 2026,False
SHREEJISPG,Shreeji Ship. Gl,SEAMECLTD,431.15,43.49,7027.48,,,135.46,,30.05,,Dec 2025,True
SEAMECLTD,SEAMEC Ltd,SEAMECLTD,1492.10,15.11,3798.05,,,141.04,,63.85,,Mar 2026,False
ABSMARINE,ABS Marine,SEAMECLTD,229.75,11.23,564.04,,,291.78,,69.94,,Sep 2025,True
ESSARSHPNG,Essar Shipping,SEAMECLTD,23.88,,495.51,,,-155.06,,-98.70,,Dec 2025,True
TRANSWORLD,Transworld Shipp,SEAMECLTD,164.74,,362.27,,,-271.41,,-19.88,,Dec 2025,True
BEL,Bharat Electron,APOLLO;IDEAFORGE;PARAS,426.60,52.29,311871.97,,,20.45,,23.97,,Dec 2025,True
HAL,Hind.Aeronautics,APOLLO;IDEAFORGE;PARAS,4326.50,31.74,289322.42,,,5.52,,1.77,,Mar 2026,False
BDL,Bharat Dynamics,APOLLO;IDEAFORGE;PARAS,1309.20,82.58,47890.99,,,-50.44,,-31.91,,,True
GRSE,Garden Reach Sh.,APOLLO;IDEAFORGE;PARAS,2581.70,39.55,29582.70,,,24.14,,29.06,,,True
MTARTECH,MTAR Technologie,APOLLO;IDEAFORGE;PARAS,7110.50,222.98,21883.56,,,212.25,,67.14,,Mar 2026,False
DATAPATTNS,Data Pattern,APOLLO;IDEAFORGE;PARAS,3752.20,76.83,21022.85,,,21.30,,-12.96,,,True
ZENTEC,Zen Technologies,APOLLO;IDEAFORGE;PARAS,1557.00,72.96,14069.07,,,-68.80,,-45.20,,Mar 2026,False
PARAS,Paras Defence,PARAS,743.55,69.65,5986.91,,,64.34,,58.28,,Mar 2026,False
VEDL,Vedanta,VEDL,327.00,14.80,127850.38,,,70.89,,47.48,,Mar 2026,False
JAINREC,Jain Resource,VEDL,463.45,45.42,15998.65,,,21.78,,76.42,,Mar 2026,False
POCL,Pondy Oxides,VEDL,1537.50,39.56,4695.21,,,148.08,,54.51,,Dec 2025,True
INNOMET,Innomet Advanced,VEDL,98.50,58.47,127.46,,,18.13,,60.72,,,True
BONLON,Bonlon Industrie,VEDL,45.35,33.07,73.74,,,-48.94,,-7.32,,Dec 2025,True
IGIL,International Ge,IBULLSLTD;SMARTWORKS,313.30,25.46,13535.42,,,18.25,,20.63,,Dec 2025,True
NESCO,NESCO,IBULLSLTD;SMARTWORKS,1238.70,21.41,8741.01,,,-4.82,,20.03,,Dec 2025,True
WEWORK,Wework India,IBULLSLTD;SMARTWORKS,483.85,28.44,6639.47,,,151.30,,28.95,,Dec 2025,True
NIRLON,Nirlon,IBULLSLTD;SMARTWORKS,604.30,16.59,5455.53,,,18.90,,5.32,,,True
NDRINVIT,NDR INVIT Trust,IBULLSLTD;SMARTWORKS,135.10,37.99,5350.13,,,-10.82,,33.50,,Dec 2025,True
CMSINFO,CMS Info Systems,IBULLSLTD;SMARTWORKS,301.40,16.00,4962.17,,,-20.37,,2.24,,Mar 2026,False
SMARTWORKS,Smartworks Cowor,IBULLSLTD;SMARTWORKS,419.85,451.15,4750.59,,,300.24,,44.99,,Mar 2026,False
IBULLSLTD,Indiabulls,IBULLSLTD,18.45,13.24,4286.26,,,259.74,,302.18,,Mar 2026,False
BAJFINANCE,Bajaj Finance,IIFL;MUTHOOTFIN;POONAWALLA;SGFIN,921.10,29.86,573598.65,,,21.99,,18.10,,Mar 2026,False
SHRIRAMFIN,Shriram Finance,IIFL;MUTHOOTFIN;POONAWALLA;SGFIN,933.70,21.92,219754.08,,,40.94,,9.25,,Mar 2026,False
MUTHOOTFIN,Muthoot Finance,IIFL;MUTHOOTFIN;POONAWALLA;SGFIN,3290.90,12.47,132053.46,,,126.67,,65.23,,Mar 2026,False
CHOLAFIN,Cholaman.Inv.&Fn,IIFL;MUTHOOTFIN;POONAWALLA;SGFIN,1527.90,24.88,130163.51,,,30.62,,19.46,,Mar 2026,False
TATACAP,Tata Capital,IIFL;MUTHOOTFIN;POONAWALLA;SGFIN,302.95,26.35,128556.56,,,42.82,,9.12,,Mar 2026,False
LTF,L&T Finance Ltd,IIFL;MUTHOOTFIN;POONAWALLA;SGFIN,278.75,23.26,69851.87,,,26.79,,18.60,,Mar 2026,False
SBICARD,SBI Cards,IIFL;MUTHOOTFIN;POONAWALLA;SGFIN,624.00,27.41,59384.92,,,14.06,,5.57,,,True
APOLLO,Apollo Micro Sys,APOLLO,311.00,98.50,11123.13,,,168.71,,81.28,,Mar 2026,False
CREDITACC,CreditAcc. Gram.,SATIN,1298.80,26.77,20813.69,,,619.23,,13.55,,Mar 2026,False
MUTHOOTMF,Muthoot Microfin,SATIN,177.46,17.74,3021.21,,,117.73,,13.83,,,True
FUSION,Fusion Finance,SATIN,183.34,213.39,2955.48,,,169.39,,-9.02,,,True
SATIN,Satin Creditcare,SATIN,219.37,7.29,2420.04,,,640.16,,49.48,,Mar 2026,False
SPANDANA,Spandana Sphoort,SATIN,257.08,,2053.85,,,101.34,,-36.33,,Mar 2026,False
IIFL,IIFL Finance,IIFL,455.85,11.67,19386.83,,,182.57,,42.50,,Mar 2026,False
CONCOR,Container Corpn.,SHADOWFAX,501.95,29.90,38196.28,,,-8.93,,4.49,,Dec 2025,True
DELHIVERY,Delhivery,SHADOWFAX,455.75,191.18,34126.39,,,-2.29,,30.04,,Mar 2026,False
BLUEDART,Blue Dart Expres,SHADOWFAX,4899.50,41.54,11651.09,,,-11.26,,8.20,,Mar 2026,False
SHADOWFAX,Shadowfax Technologies,SHADOWFAX,185.61,96.90,10825.14,,,665.65,,73.64,,Mar 2026,False
TCI,Transport Corp.,SHADOWFAX,880.65,15.08,6757.68,,,13.68,,8.87,,Dec 2025,True
TVSSCS,TVS Supply,SHADOWFAX,110.33,30.88,4836.38,,,153.87,,11.09,,Dec 2025,True
VRLLOG,VRL Logistics,SHADOWFAX,243.70,18.05,4275.28,,,-2.87,,5.42,,,True
MAHLOG,Mahindra Logis.,SHADOWFAX,360.35,1418.45,3574.00,,,399.11,,14.14,,Mar 2026,False
APLAPOLLO,APL Apollo Tubes,JTLIND,1876.00,43.29,52076.32,,,20.89,,13.81,,Mar 2026,False
WELCORP,Welspun Corp,JTLIND,1297.90,22.07,34254.40,,,-32.91,,25.43,,Dec 2025,True
SHYAMMETL,Shyam Metalics,JTLIND,886.65,23.12,24744.99,,,45.87,,26.60,,Mar 2026,False
GPIL,Godawari Power,JTLIND,283.30,25.73,19088.16,,,-1.06,,-12.19,,Dec 2025,True
RATNAMANI,Ratnamani Metals,JTLIND,2466.40,35.33,17300.02,,,-52.04,,-36.75,,Mar 2026,False
GALLANTT,Gallantt Ispat L,JTLIND,689.40,34.36,16641.73,,,5.61,,12.37,,Mar 2026,False
USHAMART,Usha Martin,JTLIND,469.25,28.40,14307.57,,,56.00,,9.28,,Mar 2026,False
JTLIND,JTL Industries,JTLIND,66.25,25.81,2541.40,,,104.58,,47.55,,Mar 2026,False
HUBTOWN,Hubtown,HUBTOWN,206.32,19.65,2917.39,,,546.18,,65.37,,Mar 2026,False
SGFIN,SG Finserve,SGFIN,548.95,28.32,3615.74,,,77.68,,94.88,,,True
UPL,UPL,NACLIND,637.85,28.49,53836.99,,,-0.46,,17.74,,Mar 2026,False
PIIND,P I Industries,NACLIND,3096.30,34.44,47009.69,,,-39.61,,-27.63,,Dec 2025,True
SUMICHEM,Sumitomo Chemi.,NACLIND,449.65,41.43,22471.03,,,2.27,,-11.35,,Dec 2025,True
BAYERCROP,Bayer Crop Sci.,NACLIND,4300.00,28.82,19323.10,,,179.82,,4.62,,Dec 2006,True
SHARDACROP,Sharda Cropchem,NACLIND,901.20,11.93,8121.46,,,56.53,,12.93,,Mar 2026,False
RALLIS,Rallis India,NACLIND,255.60,24.61,4965.91,,,48.98,,6.05,,Mar 2022,True
DHANUKA,Dhanuka Agritech,NACLIND,1085.90,18.51,4905.02,,,-27.33,,-7.94,,Mar 2025,True
NACLIND,NACL Industries,NACLIND,161.11,221.23,3765.27,,,98.91,,79.19,,Mar 2026,False
POONAWALLA,Poonawalla Fin,POONAWALLA,415.15,67.44,36537.51,,,308.78,,81.39,,Mar 2026,False
SOBHA,Sobha,SOBHA,1382.20,76.37,14770.21,,,124.77,,60.23,,Mar 2026,False
SOLARA,Solara Active,SOLARA,561.35,,2032.14,,,516.19,,41.86,,Mar 2026,False
ETERNAL,Eternal,ETERNAL,241.40,636.84,233085.10,,,346.15,,196.45,,Mar 2026,False
MEESHO,Meesho,ETERNAL,190.40,,87345.00,,,-55.96,,47.13,,Mar 2026,False
NYKAA,FSN E-Commerce,ETERNAL,272.70,515.84,78102.19,,,178.56,,26.73,,Dec 2025,True
SWIGGY,Swiggy,ETERNAL,254.10,,70167.04,,,25.99,,44.74,,Mar 2026,False
URBANCO,Urban Company,ETERNAL,122.26,,18829.79,,,-5574.65,,42.59,,Mar 2026,False
FIRSTCRY,Brainbees Solut.,ETERNAL,216.91,,11314.71,,,-468.42,,11.57,,Dec 2025,True
CARTRADE,Cartrade Tech,ETERNAL,1784.10,37.49,8547.80,,,54.50,,19.84,,Mar 2026,False
SIGNATURE,SignatureGlobal,SIGNATURE,841.00,329.82,11837.12,,,61.39,,112.76,,Mar 2026,False
WINDMACHIN,Windsor Machines,WINDMACHIN,277.10,2006.27,2427.59,,,212.70,,52.82,,Mar 2026,False
KALPATARU,Kalpat.,KALPATARU,322.35,69.80,6628.62,,,1326.83,,183.76,,Mar 2026,False
IDEAFORGE,Ideaforge Tech,IDEAFORGE,817.70,,3550.85,,,333.33,,594.44,,Mar 2026,False
BAJAJ-AUTO,Bajaj Auto,ATHERENERG,10198.50,26.46,285029.39,,,101.63,,41.01,,Mar 2026,False
EICHERMOT,Eicher Motors,ATHERENERG,6913.00,35.07,189436.26,,,25.12,,22.94,,Dec 2025,True
TVSMOTOR,TVS Motor Co.,ATHERENERG,3291.00,51.26,156337.64,,,20.91,,30.42,,Mar 2026,False
HEROMOTOCO,Hero Motocorp,ATHERENERG,4957.00,17.00,99170.41,,,25.72,,30.18,,Mar 2026,False
ATHERENERG,Ather Energy,ATHERENERG,910.35,,34870.39,,,57.23,,73.75,,,True
OLAELEC,Ola Electric,ATHERENERG,34.93,,15398.40,,,13.65,,-55.02,,Dec 2025,True
544563,Zelio E-Mobility,ATHERENERG,449.40,45.74,950.48,,,67.66,,77.10,,Sep 2025,True
