screen_stock_name,screen_stock_ticker,peer_name,peer_ticker,current_price,pe_ratio,market_cap,div_yield,net_profit_qtr,qtr_profit_var,sales_qtr,qtr_sales_var,roce,Debt / Eq,EPS 12M Rs.
GE Vernova T&D,GVT&D,Hitachi Energy,POWERINDIA,32800.00,165.82,146261.19,,,119.97,,28.51,,0.02,188.74
GE Vernova T&D,GVT&D,B H E L,BHEL,395.25,86.03,137663.11,,,155.82,,36.88,,0.31,4.60
GE Vernova T&D,GVT&D,A B B,ABB,6413.50,89.20,135878.68,,,-25.23,,5.78,,0.01,140.50
GE Vernova T&D,GVT&D,CG Power & Ind,CGPOWER,808.75,103.63,127418.62,,,33.67,,25.03,,0.01,7.66
GE Vernova T&D,GVT&D,Siemens,SIEMENS,3535.10,77.01,125948.33,,,-10.62,,14.01,,0.01,49.62
GE Vernova T&D,GVT&D,GE Vernova T&D,GVT&D,4426.80,607.88,113510.27,,,,,,,0.89,7.81
GE Vernova T&D,GVT&D,Siemens Ener.Ind,ENRIN,3060.70,80.78,108913.10,,,52.21,,27.38,,0.04,36.78
GE Vernova T&D,GVT&D,Suzlon Energy,SUZLON,53.25,22.43,72461.60,,,15.08,,42.40,,0.05,2.38
Waaree Renewab.,WAAREERTL,Waaree Energies,WAAREEENER,2997.50,21.96,86209.22,,,70.64,,111.80,,0.22,129.02
Waaree Renewab.,WAAREERTL,Apar Inds.,APARINDS,12154.00,49.25,48841.42,,,29.80,,16.18,,0.14,242.36
Waaree Renewab.,WAAREERTL,Premier Energies,PREMIERENE,986.90,29.68,44811.89,,,64.44,,37.60,,0.86,33.33
Waaree Renewab.,WAAREERTL,Emmvee Photovol.,EMMVEE,252.40,16.17,17484.95,,,89.43,,62.25,,0.10,15.62
Waaree Renewab.,WAAREERTL,Diamond Power,DIACABS,191.82,96.12,10113.51,,,692.98,,54.21,,,2.00
Waaree Renewab.,WAAREERTL,Waaree Renewab.,WAAREERTL,933.80,20.35,9739.16,,,60.69,,131.31,,0.16,45.88
Waaree Renewab.,WAAREERTL,Genus Power,GENUSPOWER,304.75,15.66,9276.95,,,41.08,,64.09,,1.04,19.47
Multi Comm. Exc.,MCX,BSE,BSE,4120.70,67.54,167835.73,,,61.47,,84.67,,0.00,61.31
Multi Comm. Exc.,MCX,Multi Comm. Exc.,MCX,3348.40,64.11,85368.88,,,291.09,,205.13,,0.00,52.22
Multi Comm. Exc.,MCX,Indian Energy Ex,IEX,123.50,23.25,11014.16,,,10.69,,21.94,,0.01,5.31
Hindustan Zinc,HINDZINC,Hindustan Zinc,HINDZINC,636.50,19.48,269089.22,,,67.60,,49.05,,0.39,32.74
Hindustan Zinc,HINDZINC,Sizemasters Tech,513496,379.85,97.40,379.85,,,342.86,,50.62,,0.20,3.90
BSE,BSE,BSE,BSE,4120.70,67.54,167835.73,,,61.47,,84.67,,0.00,61.31
BSE,BSE,Multi Comm. Exc.,MCX,3348.40,64.11,85368.88,,,291.09,,205.13,,0.00,52.22
BSE,BSE,Indian Energy Ex,IEX,123.50,23.25,11014.16,,,10.69,,21.94,,0.01,5.31
Atlanta Electric,ATLANTAELE,Hitachi Energy,POWERINDIA,32800.00,165.82,146261.19,,,119.97,,28.51,,0.02,188.74
Atlanta Electric,ATLANTAELE,B H E L,BHEL,395.25,86.03,137663.11,,,155.82,,36.88,,0.31,4.60
Atlanta Electric,ATLANTAELE,A B B,ABB,6413.50,89.20,135878.68,,,-25.23,,5.78,,0.01,140.50
Atlanta Electric,ATLANTAELE,CG Power & Ind,CGPOWER,808.75,103.63,127418.62,,,33.67,,25.03,,0.01,7.66
Atlanta Electric,ATLANTAELE,Siemens,SIEMENS,3535.10,77.01,125948.33,,,-10.62,,14.01,,0.01,49.62
Atlanta Electric,ATLANTAELE,GE Vernova T&D,GVT&D,4426.80,88.73,113510.27,,,86.32,,42.04,,0.01,48.17
Atlanta Electric,ATLANTAELE,Siemens Ener.Ind,ENRIN,3060.70,80.78,108913.10,,,52.21,,27.38,,0.04,36.78
Atlanta Electric,ATLANTAELE,Atlanta Electric,ATLANTAELE,1646.10,62.71,12710.77,,,129.07,,81.69,,0.05,26.24
Hindustan Copper,HINDCOPPER,Hindustan Copper,HINDCOPPER,581.15,56.89,56188.74,,,137.35,,58.06,,0.03,9.50
Hindustan Copper,HINDCOPPER,Onix Solar,513119,754.10,67.71,2721.23,,,3910.94,,202.11,,0.00,10.89
Hindustan Copper,HINDCOPPER,Bhagyanagar Ind,BHAGYANGR,301.55,19.22,964.50,,,303.71,,61.83,,1.01,15.68
Hindustan Copper,HINDCOPPER,Mardia Samyoung,513544,67.71,241.27,538.03,,,2400.00,,,,0.00,0.33
Hindustan Copper,HINDCOPPER,N D Metal Inds.,512024,79.80,94.24,19.79,,,16.67,,-100.00,,0.16,0.85
Netweb Technol.,NETWEB,L&T Technology,LTTS,3549.50,27.88,37675.68,,,23.41,,8.34,,0.09,120.68
Netweb Technol.,NETWEB,Inventurus Knowl,IKS,1595.40,37.97,27400.02,,,39.36,,18.47,,0.34,42.03
Netweb Technol.,NETWEB,Tata Technolog.,TATATECH,629.40,41.68,25554.85,,,-8.66,,22.29,,0.24,13.46
Netweb Technol.,NETWEB,Netweb Technol.,NETWEB,3806.10,105.27,21666.83,,,65.67,,86.59,,0.39,36.15
Netweb Technol.,NETWEB,Affle 3i,AFFLE,1456.20,45.07,20500.68,,,15.95,,20.28,,0.00,32.31
Netweb Technol.,NETWEB,Sagility,SAGILITY,41.38,20.43,19375.95,,,41.17,,29.06,,0.11,1.98
Netweb Technol.,NETWEB,Black Box,BBOX,935.20,60.98,16573.90,,,0.13,,10.51,,1.15,12.55
Billionbrains,GROWW,Billionbrains,GROWW,183.82,55.38,115364.29,,,122.06,,87.93,,0.03,3.32
Billionbrains,GROWW,Motil.Oswal.Fin.,MOTILALOFS,834.30,26.89,50264.35,,,-241.64,,124.84,,1.65,31.06
Billionbrains,GROWW,360 ONE,360ONE,1104.90,36.94,44920.31,,,15.68,,35.91,,1.62,29.94
Billionbrains,GROWW,Angel One,ANGELONE,303.95,30.33,27751.85,,,83.50,,38.20,,1.30,10.05
Billionbrains,GROWW,Nuvama Wealth,NUVAMA,1439.60,25.20,26230.18,,,5.38,,13.34,,2.80,57.19
Billionbrains,GROWW,IIFL Capital,IIFLCAPS,346.05,19.20,10778.77,,,-10.32,,19.95,,0.59,18.02
Billionbrains,GROWW,Anand Rathi Shar,ARSSBL,519.65,24.86,3276.41,,,125.15,,28.25,,0.62,21.02
KP Green Engg.,544150,Hitachi Energy,POWERINDIA,32800.00,165.82,146261.19,,,119.97,,28.51,,0.02,188.74
KP Green Engg.,544150,B H E L,BHEL,395.25,86.03,137663.11,,,155.82,,36.88,,0.31,4.60
KP Green Engg.,544150,A B B,ABB,6413.50,89.20,135878.68,,,-25.23,,5.78,,0.01,140.50
KP Green Engg.,544150,CG Power & Ind,CGPOWER,808.75,103.63,127418.62,,,33.67,,25.03,,0.01,7.66
KP Green Engg.,544150,Siemens,SIEMENS,3535.10,77.01,125948.33,,,-10.62,,14.01,,0.01,49.62
KP Green Engg.,544150,GE Vernova T&D,GVT&D,4426.80,88.73,113510.27,,,86.32,,42.04,,0.01,48.17
KP Green Engg.,544150,Siemens Ener.Ind,ENRIN,3060.70,80.78,108913.10,,,52.21,,27.38,,0.04,36.78
KP Green Engg.,544150,KP Green Engg.,544150,405.20,14.92,2026.00,,,66.44,,65.06,,0.76,27.15
Sedemac Mechatro,SEDEMAC,Samvardh. Mothe.,MOTHERSON,128.75,38.54,135857.08,,,20.06,,13.53,,0.53,3.23
Sedemac Mechatro,SEDEMAC,Bosch,BOSCHLTD,37155.00,47.48,109705.42,,,7.90,,9.40,,0.01,934.24
Sedemac Mechatro,SEDEMAC,Bharat Forge,BHARATFORG,1891.00,76.61,90375.86,,,2.05,,17.53,,0.76,22.58
Sedemac Mechatro,SEDEMAC,Schaeffler India,SCHAEFFLER,3974.20,49.69,62135.17,,,20.46,,18.81,,0.01,80.01
Sedemac Mechatro,SEDEMAC,Uno Minda,UNOMINDA,1067.80,50.64,61624.14,,,22.39,,17.85,,0.40,20.73
Sedemac Mechatro,SEDEMAC,Tube Investments,TIINDIA,2815.00,82.69,54457.42,,,81.73,,20.68,,0.10,32.90
Sedemac Mechatro,SEDEMAC,Endurance Tech.,ENDURANCE,2526.70,36.66,35464.75,,,17.32,,37.88,,0.19,67.66
Sedemac Mechatro,SEDEMAC,Sedemac Mechatro,SEDEMAC,1972.80,84.20,8720.98,,,272.59,,59.91,,0.16,23.45
Fujiyama Power,UTLSOLAR,Waaree Energies,WAAREEENER,2997.50,21.96,86209.22,,,70.64,,111.80,,0.22,129.02
Fujiyama Power,UTLSOLAR,Apar Inds.,APARINDS,12154.00,49.25,48841.42,,,29.80,,16.18,,0.14,242.36
Fujiyama Power,UTLSOLAR,Premier Energies,PREMIERENE,986.90,29.68,44811.89,,,64.44,,37.60,,0.86,33.33
Fujiyama Power,UTLSOLAR,Emmvee Photovol.,EMMVEE,252.40,16.17,17484.95,,,89.43,,62.25,,0.10,15.62
Fujiyama Power,UTLSOLAR,Diamond Power,DIACABS,191.82,96.12,10113.51,,,692.98,,54.21,,,2.00
Fujiyama Power,UTLSOLAR,Waaree Renewab.,WAAREERTL,933.80,20.35,9739.16,,,60.69,,131.31,,0.16,45.88
Fujiyama Power,UTLSOLAR,Genus Power,GENUSPOWER,304.75,15.66,9276.95,,,41.08,,64.09,,1.04,19.47
Fujiyama Power,UTLSOLAR,Fujiyama Power,UTLSOLAR,263.55,409.70,8095.77,,,,,,,3.23,14.48
Indo Thai Sec.,INDOTHAI,Billionbrains,GROWW,183.82,55.38,115364.29,,,122.06,,87.93,,0.03,3.32
Indo Thai Sec.,INDOTHAI,Motil.Oswal.Fin.,MOTILALOFS,834.30,26.89,50264.35,,,-241.64,,124.84,,1.65,31.06
Indo Thai Sec.,INDOTHAI,360 ONE,360ONE,1104.90,36.94,44920.31,,,15.68,,35.91,,1.62,29.94
Indo Thai Sec.,INDOTHAI,Angel One,ANGELONE,303.95,30.33,27751.85,,,83.50,,38.20,,1.30,10.05
Indo Thai Sec.,INDOTHAI,Nuvama Wealth,NUVAMA,1439.60,25.20,26230.18,,,5.38,,13.34,,2.80,57.19
Indo Thai Sec.,INDOTHAI,IIFL Capital,IIFLCAPS,346.05,19.20,10778.77,,,-10.32,,19.95,,0.59,18.02
Indo Thai Sec.,INDOTHAI,Anand Rathi Shar,ARSSBL,519.65,24.86,3276.41,,,125.15,,28.25,,0.62,21.02
Indo Thai Sec.,INDOTHAI,Indo Thai Sec.,INDOTHAI,269.05,44.47,2942.32,,,1114.73,,555.38,,0.09,12.08
Acutaas Chemical,ACUTAAS,Sun Pharma.Inds.,SUNPHARMA,1905.80,37.64,456827.45,,,18.73,,13.49,,0.07,45.49
Acutaas Chemical,ACUTAAS,Divi's Lab.,DIVISLAB,6835.00,71.62,181431.67,,,8.20,,12.29,,0.01,93.38
Acutaas Chemical,ACUTAAS,Torrent Pharma.,TORNTPHARM,4393.70,64.49,148687.59,,,27.63,,17.59,,0.33,67.13
Acutaas Chemical,ACUTAAS,Cipla,CIPLA,1426.20,28.25,115252.78,,,-54.61,,-2.80,,0.02,48.02
Acutaas Chemical,ACUTAAS,Dr Reddy's Labs,DRREDDY,1331.20,26.47,111088.76,,,-86.14,,-11.51,,0.20,50.27
Acutaas Chemical,ACUTAAS,Lupin,LUPIN,2252.40,17.88,103087.47,,,101.49,,31.89,,0.29,116.65
Acutaas Chemical,ACUTAAS,Mankind Pharma,MANKIND,2495.70,55.46,102992.53,,,29.05,,11.52,,0.55,43.11
Acutaas Chemical,ACUTAAS,Acutaas Chemical,ACUTAAS,2799.10,64.33,22918.22,,,110.88,,40.28,,0.02,43.51
Concord Control,543619,Aditya Infotech,CPPLUS,2417.10,112.18,28471.82,,,138.82,,37.32,,0.08,22.13
Concord Control,543619,Honeywell Auto,HONAUT,28685.00,49.45,25355.88,,,-2.51,,7.14,,0.02,571.40
Concord Control,543619,Kaynes Tech,KAYNES,3118.20,57.14,20898.60,,,-21.47,,26.22,,0.19,54.28
Concord Control,543619,Syrma SGS Tech.,SYRMA,969.95,58.27,18706.36,,,55.84,,58.49,,0.12,16.48
Concord Control,543619,LMW,LMW,14658.00,129.21,15677.99,,,5.54,,-1.07,,0.00,107.53
Concord Control,543619,Jyoti CNC Auto.,JYOTICNC,681.65,43.74,15500.10,,,10.31,,28.12,,0.40,15.58
Concord Control,543619,Tega Inds.,TEGA,1556.00,57.93,11696.51,,,-63.67,,-1.36,,0.21,30.01
Concord Control,543619,Concord Control,543619,2369.05,58.02,2459.88,,,73.02,,72.57,,0.26,40.83
Raymond Realty,RAYMONDREL,DLF,DLF,573.15,33.50,141809.94,,,-3.22,,-42.00,,0.01,17.83
Raymond Realty,RAYMONDREL,Lodha Developers,LODHA,857.75,25.00,85694.17,,,9.35,,11.58,,0.42,34.32
Raymond Realty,RAYMONDREL,Phoenix Mills,PHOENIXLTD,1724.60,49.68,61669.81,,,50.04,,21.34,,0.48,34.22
Raymond Realty,RAYMONDREL,Oberoi Realty,OBEROIRLTY,1600.70,23.06,58225.21,,,62.36,,52.14,,0.16,68.96
Raymond Realty,RAYMONDREL,Prestige Estates,PRESTIGE,1342.70,59.54,57778.18,,,1157.63,,134.06,,0.92,22.53
Raymond Realty,RAYMONDREL,Godrej Propert.,GODREJPROP,1686.30,27.22,50822.31,,,70.53,,62.99,,0.83,61.43
Raymond Realty,RAYMONDREL,Anant Raj,ANANTRAJ,476.25,30.89,17140.89,,,23.57,,19.64,,0.12,15.42
Raymond Realty,RAYMONDREL,Raymond Realty,RAYMONDREL,577.05,12.61,3841.98,,,6613.33,,888.24,,0.65,45.75
Yash Highvoltage,544310,Waaree Energies,WAAREEENER,2997.50,21.96,86209.22,,,70.64,,111.80,,0.22,129.02
Yash Highvoltage,544310,Apar Inds.,APARINDS,12154.00,49.25,48841.42,,,29.80,,16.18,,0.14,242.36
Yash Highvoltage,544310,Premier Energies,PREMIERENE,986.90,29.68,44811.89,,,64.44,,37.60,,0.86,33.33
Yash Highvoltage,544310,Emmvee Photovol.,EMMVEE,252.40,16.17,17484.95,,,89.43,,62.25,,0.10,15.62
Yash Highvoltage,544310,Diamond Power,DIACABS,191.82,96.12,10113.51,,,692.98,,54.21,,,2.00
Yash Highvoltage,544310,Waaree Renewab.,WAAREERTL,933.80,20.35,9739.16,,,60.69,,131.31,,0.16,45.88
Yash Highvoltage,544310,Genus Power,GENUSPOWER,304.75,15.66,9276.95,,,41.08,,64.09,,1.04,19.47
Yash Highvoltage,544310,Yash Highvoltage,544310,706.20,51.85,2016.29,,,68.29,,46.53,,,13.07
Krishana Phosch.,KRISHANA,F A C T,FACT,865.65,3785.59,56064.59,,,-948.75,,65.14,,2.79,0.43
Krishana Phosch.,KRISHANA,Coromandel Inter,COROMANDEL,1837.20,27.00,54178.31,,,-42.51,,20.35,,0.12,66.31
Krishana Phosch.,KRISHANA,Chambal Fert.,CHAMBLFERT,457.30,9.41,18372.88,,,29.84,,13.73,,0.10,48.76
Krishana Phosch.,KRISHANA,Paradeep Phosph.,PARADEEP,120.95,12.24,12557.71,,,-10.48,,12.11,,1.02,9.60
Krishana Phosch.,KRISHANA,G S F C,GSFC,169.49,9.75,6751.81,,,18.09,,4.51,,0.00,17.38
Krishana Phosch.,KRISHANA,R C F,RCF,121.67,21.62,6711.33,,,0.90,,-6.24,,0.56,5.68
Krishana Phosch.,KRISHANA,M B Agro Prod.,MBAPL,526.10,30.70,4610.05,,,319.37,,32.99,,1.56,17.14
Krishana Phosch.,KRISHANA,Krishana Phosch.,KRISHANA,665.40,22.37,4029.17,,,152.83,,59.76,,1.31,29.75
Neuland Labs.,NEULANDLAB,Sun Pharma.Inds.,SUNPHARMA,1905.80,37.64,456827.45,,,18.73,,13.49,,0.07,45.49
Neuland Labs.,NEULANDLAB,Divi's Lab.,DIVISLAB,6835.00,71.62,181431.67,,,8.20,,12.29,,0.01,93.38
Neuland Labs.,NEULANDLAB,Torrent Pharma.,TORNTPHARM,4393.70,64.49,148687.59,,,27.63,,17.59,,0.33,67.13
Neuland Labs.,NEULANDLAB,Cipla,CIPLA,1426.20,28.25,115252.78,,,-54.61,,-2.80,,0.02,48.02
Neuland Labs.,NEULANDLAB,Dr Reddy's Labs,DRREDDY,1331.20,26.47,111088.76,,,-86.14,,-11.51,,0.20,50.27
Neuland Labs.,NEULANDLAB,Lupin,LUPIN,2252.40,17.88,103087.47,,,101.49,,31.89,,0.29,116.65
Neuland Labs.,NEULANDLAB,Mankind Pharma,MANKIND,2495.70,55.46,102992.53,,,29.05,,11.52,,0.55,43.11
Neuland Labs.,NEULANDLAB,Neuland Labs.,NEULANDLAB,16327.00,57.61,20971.76,,,664.72,,136.40,,0.16,283.71
Pricol Ltd,PRICOLLTD,Samvardh. Mothe.,MOTHERSON,128.75,38.54,135857.08,,,20.06,,13.53,,0.53,3.23
Pricol Ltd,PRICOLLTD,Bosch,BOSCHLTD,37155.00,47.48,109705.42,,,7.90,,9.40,,0.01,934.24
Pricol Ltd,PRICOLLTD,Bharat Forge,BHARATFORG,1891.00,76.61,90375.86,,,2.05,,17.53,,0.76,22.58
Pricol Ltd,PRICOLLTD,Schaeffler India,SCHAEFFLER,3974.20,49.69,62135.17,,,20.46,,18.81,,0.01,80.01
Pricol Ltd,PRICOLLTD,Uno Minda,UNOMINDA,1067.80,50.64,61624.14,,,22.39,,17.85,,0.40,20.73
Pricol Ltd,PRICOLLTD,Tube Investments,TIINDIA,2815.00,82.69,54457.42,,,81.73,,20.68,,0.10,32.90
Pricol Ltd,PRICOLLTD,Endurance Tech.,ENDURANCE,2526.70,36.66,35464.75,,,17.32,,37.88,,0.19,67.66
Pricol Ltd,PRICOLLTD,Pricol Ltd,PRICOLLTD,553.55,26.95,6759.95,,,109.53,,42.87,,0.30,20.58
Thangamayil Jew.,THANGAMAYL,Titan Company,TITAN,4169.70,71.92,370237.92,,,31.00,,80.48,,0.93,57.14
Thangamayil Jew.,THANGAMAYL,Kalyan Jewellers,KALYANKJIL,346.10,25.92,35722.90,,,118.27,,66.22,,0.97,13.08
Thangamayil Jew.,THANGAMAYL,Thangamayil Jew.,THANGAMAYL,3546.90,31.19,11023.87,,,354.33,,105.63,,0.64,113.14
Thangamayil Jew.,THANGAMAYL,PC Jeweller,PCJEWELLER,8.16,12.04,7914.33,,,28.97,,36.90,,0.22,0.94
Thangamayil Jew.,THANGAMAYL,P N Gadgil Jewe.,PNGJL,545.25,17.94,7398.85,,,45.60,,123.16,,0.89,30.20
Thangamayil Jew.,THANGAMAYL,Bluestone Jewel,BLUESTONE,464.20,475.99,7063.68,,,162.67,,47.73,,0.94,0.97
Thangamayil Jew.,THANGAMAYL,Sky Gold & Diam.,SKYGOLD,442.45,30.01,6880.92,,,120.42,,77.13,,0.78,15.06
SEAMEC Ltd,SEAMECLTD,GE Shipping Co,GESHIP,1696.50,8.24,24249.69,,,187.56,,23.58,,0.06,206.11
SEAMEC Ltd,SEAMECLTD,S C I,SCI,344.70,11.88,16073.10,,,118.54,,14.19,,0.29,29.05
SEAMEC Ltd,SEAMECLTD,Shreeji Ship. Gl,SHREEJISPG,431.15,43.49,7027.48,,,135.46,,30.05,,0.30,10.51
SEAMEC Ltd,SEAMECLTD,SEAMEC Ltd,SEAMECLTD,1492.10,15.11,3798.05,,,141.04,,63.85,,0.38,98.88
SEAMEC Ltd,SEAMECLTD,ABS Marine,ABSMARINE,229.75,11.23,564.04,,,291.78,,69.94,,1.34,20.46
SEAMEC Ltd,SEAMECLTD,Essar Shipping,ESSARSHPNG,23.88,,495.51,,,-155.06,,-98.70,,,-3.08
SEAMEC Ltd,SEAMECLTD,Transworld Shipp,TRANSWORLD,164.74,,362.27,,,-271.41,,-19.88,,0.38,-22.34
Paras Defence,PARAS,Bharat Electron,BEL,426.60,52.29,311871.97,,,20.45,,23.97,,0.00,8.16
Paras Defence,PARAS,Hind.Aeronautics,HAL,4326.50,31.74,289322.42,,,5.52,,1.77,,0.00,136.30
Paras Defence,PARAS,Bharat Dynamics,BDL,1309.20,82.58,47890.99,,,-50.44,,-31.91,,0.00,15.82
Paras Defence,PARAS,Garden Reach Sh.,GRSE,2581.70,39.55,29582.70,,,24.14,,29.06,,0.01,65.29
Paras Defence,PARAS,MTAR Technologie,MTARTECH,7110.50,222.98,21883.56,,,212.25,,67.14,,0.46,30.99
Paras Defence,PARAS,Data Pattern,DATAPATTNS,3752.20,76.83,21022.85,,,21.30,,-12.96,,0.00,48.47
Paras Defence,PARAS,Zen Technologies,ZENTEC,1557.00,72.96,14069.07,,,-68.80,,-45.20,,0.01,21.43
Paras Defence,PARAS,Paras Defence,PARAS,743.55,69.65,5986.91,,,64.34,,58.28,,0.04,10.93
Vedanta,VEDL,Vedanta,VEDL,327.00,14.80,127850.38,,,70.89,,47.48,,0.56,44.47
Vedanta,VEDL,Jain Resource,JAINREC,463.45,45.42,15998.65,,,21.78,,76.42,,0.82,10.07
Vedanta,VEDL,Pondy Oxides,POCL,1537.50,39.56,4695.21,,,148.08,,54.51,,0.05,39.53
Vedanta,VEDL,Innomet Advanced,INNOMET,98.50,58.47,127.46,,,18.13,,60.72,,0.27,1.68
Vedanta,VEDL,Bonlon Industrie,BONLON,45.35,33.07,73.74,,,-48.94,,-7.32,,0.50,1.57
Indiabulls,IBULLSLTD,International Ge,IGIL,313.30,25.46,13535.42,,,18.25,,20.63,,0.10,12.30
Indiabulls,IBULLSLTD,NESCO,NESCO,1238.70,21.41,8741.01,,,-4.82,,20.03,,0.04,57.95
Indiabulls,IBULLSLTD,Wework India,WEWORK,483.85,28.44,6639.47,,,151.30,,28.95,,22.73,9.74
Indiabulls,IBULLSLTD,Nirlon,NIRLON,604.30,16.59,5455.53,,,18.90,,5.32,,2.47,36.50
Indiabulls,IBULLSLTD,NDR INVIT Trust,NDRINVIT,135.10,37.99,5350.13,,,-10.82,,33.50,,0.38,3.58
Indiabulls,IBULLSLTD,CMS Info Systems,CMSINFO,301.40,16.00,4962.17,,,-20.37,,2.24,,0.09,18.43
Indiabulls,IBULLSLTD,Smartworks Cowor,SMARTWORKS,419.85,451.15,4750.59,,,300.24,,44.99,,9.00,0.92
Indiabulls,IBULLSLTD,Indiabulls,IBULLSLTD,18.45,13.24,4286.26,,,259.74,,302.18,,0.15,1.18
Muthoot Finance,MUTHOOTFIN,Bajaj Finance,BAJFINANCE,921.10,29.86,573598.65,,,21.99,,18.10,,3.82,30.56
Muthoot Finance,MUTHOOTFIN,Shriram Finance,SHRIRAMFIN,933.70,21.92,219754.08,,,40.94,,9.25,,3.80,53.28
Muthoot Finance,MUTHOOTFIN,Muthoot Finance,MUTHOOTFIN,3290.90,12.47,132053.46,,,126.67,,65.23,,3.88,263.79
Muthoot Finance,MUTHOOTFIN,Cholaman.Inv.&Fn,CHOLAFIN,1527.90,24.88,130163.51,,,30.62,,19.46,,6.93,61.41
Muthoot Finance,MUTHOOTFIN,Tata Capital,TATACAP,302.95,26.35,128556.56,,,42.82,,9.12,,5.15,11.42
Muthoot Finance,MUTHOOTFIN,L&T Finance Ltd,LTF,278.75,23.26,69851.87,,,26.79,,18.60,,3.94,11.90
Muthoot Finance,MUTHOOTFIN,SBI Cards,SBICARD,624.00,27.41,59384.92,,,14.06,,5.57,,2.80,22.77
Apollo Micro Sys,APOLLO,Bharat Electron,BEL,426.60,52.29,311871.97,,,20.45,,23.97,,0.00,8.16
Apollo Micro Sys,APOLLO,Hind.Aeronautics,HAL,4326.50,31.74,289322.42,,,5.52,,1.77,,0.00,136.30
Apollo Micro Sys,APOLLO,Bharat Dynamics,BDL,1309.20,82.58,47890.99,,,-50.44,,-31.91,,0.00,15.82
Apollo Micro Sys,APOLLO,Garden Reach Sh.,GRSE,2581.70,39.55,29582.70,,,24.14,,29.06,,0.01,65.29
Apollo Micro Sys,APOLLO,MTAR Technologie,MTARTECH,7110.50,222.98,21883.56,,,212.25,,67.14,,0.46,30.99
Apollo Micro Sys,APOLLO,Data Pattern,DATAPATTNS,3752.20,76.83,21022.85,,,21.30,,-12.96,,0.00,48.47
Apollo Micro Sys,APOLLO,Zen Technologies,ZENTEC,1557.00,72.96,14069.07,,,-68.80,,-45.20,,0.01,21.43
Apollo Micro Sys,APOLLO,Apollo Micro Sys,APOLLO,311.00,98.50,11123.13,,,168.71,,81.28,,0.41,3.16
Satin Creditcare,SATIN,CreditAcc. Gram.,CREDITACC,1298.80,26.77,20813.69,,,619.23,,13.55,,3.01,48.54
Satin Creditcare,SATIN,Muthoot Microfin,MUTHOOTMF,177.46,17.74,3021.21,,,117.73,,13.83,,3.40,9.99
Satin Creditcare,SATIN,Fusion Finance,FUSION,183.34,213.39,2955.48,,,169.39,,-9.02,,2.27,0.86
Satin Creditcare,SATIN,Satin Creditcare,SATIN,219.37,7.29,2420.04,,,640.16,,49.48,,3.84,30.07
Satin Creditcare,SATIN,Spandana Sphoort,SPANDANA,257.08,,2053.85,,,101.34,,-36.33,,1.74,-70.36
IIFL Finance,IIFL,Bajaj Finance,BAJFINANCE,921.10,29.86,573598.65,,,21.99,,18.10,,3.82,30.56
IIFL Finance,IIFL,Shriram Finance,SHRIRAMFIN,933.70,21.92,219754.08,,,40.94,,9.25,,3.80,53.28
IIFL Finance,IIFL,Muthoot Finance,MUTHOOTFIN,3290.90,12.47,132053.46,,,126.67,,65.23,,3.88,263.79
IIFL Finance,IIFL,Cholaman.Inv.&Fn,CHOLAFIN,1527.90,24.88,130163.51,,,30.62,,19.46,,6.93,61.41
IIFL Finance,IIFL,Tata Capital,TATACAP,302.95,26.35,128556.56,,,42.82,,9.12,,5.15,11.42
IIFL Finance,IIFL,L&T Finance Ltd,LTF,278.75,23.26,69851.87,,,26.79,,18.60,,3.94,11.90
IIFL Finance,IIFL,SBI Cards,SBICARD,624.00,27.41,59384.92,,,14.06,,5.57,,2.80,22.77
IIFL Finance,IIFL,IIFL Finance,IIFL,455.85,11.67,19386.83,,,182.57,,42.50,,5.01,39.05
Shadowfax Technologies,SHADOWFAX,Container Corpn.,CONCOR,501.95,29.90,38196.28,,,-8.93,,4.49,,0.07,16.78
Shadowfax Technologies,SHADOWFAX,Delhivery,DELHIVERY,455.75,191.18,34126.39,,,-2.29,,30.04,,0.15,2.04
Shadowfax Technologies,SHADOWFAX,Blue Dart Expres,BLUEDART,4899.50,41.54,11651.09,,,-11.26,,8.20,,0.64,104.26
Shadowfax Technologies,SHADOWFAX,Shadowfax Technologies,SHADOWFAX,185.61,96.90,10825.14,,,665.65,,73.64,,0.14,1.92
Shadowfax Technologies,SHADOWFAX,Transport Corp.,TCI,880.65,15.08,6757.68,,,13.68,,8.87,,0.11,58.42
Shadowfax Technologies,SHADOWFAX,TVS Supply,TVSSCS,110.33,30.88,4836.38,,,153.87,,11.09,,1.14,2.08
Shadowfax Technologies,SHADOWFAX,VRL Logistics,VRLLOG,243.70,18.05,4275.28,,,-2.87,,5.42,,1.01,13.54
Shadowfax Technologies,SHADOWFAX,Mahindra Logis.,MAHLOG,360.35,1418.45,3574.00,,,399.11,,14.14,,0.55,0.23
JTL Industries,JTLIND,APL Apollo Tubes,APLAPOLLO,1876.00,43.29,52076.32,,,20.89,,13.81,,0.09,43.33
JTL Industries,JTLIND,Welspun Corp,WELCORP,1297.90,22.07,34254.40,,,-32.91,,25.43,,0.19,73.77
JTL Industries,JTLIND,Shyam Metalics,SHYAMMETL,886.65,23.12,24744.99,,,45.87,,26.60,,0.09,38.34
JTL Industries,JTLIND,Godawari Power,GPIL,283.30,25.73,19088.16,,,-1.06,,-12.19,,0.04,11.08
JTL Industries,JTLIND,Ratnamani Metals,RATNAMANI,2466.40,35.33,17300.02,,,-52.04,,-36.75,,0.08,68.85
JTL Industries,JTLIND,Gallantt Ispat L,GALLANTT,689.40,34.36,16641.73,,,5.61,,12.37,,0.17,20.07
JTL Industries,JTLIND,Usha Martin,USHAMART,469.25,28.40,14307.57,,,56.00,,9.28,,0.07,15.29
JTL Industries,JTLIND,JTL Industries,JTLIND,66.25,25.81,2541.40,,,104.58,,47.55,,0.16,2.58
Hubtown,HUBTOWN,DLF,DLF,573.15,33.50,141809.94,,,-3.22,,-42.00,,0.01,17.83
Hubtown,HUBTOWN,Lodha Developers,LODHA,857.75,25.00,85694.17,,,9.35,,11.58,,0.42,34.32
Hubtown,HUBTOWN,Phoenix Mills,PHOENIXLTD,1724.60,49.68,61669.81,,,50.04,,21.34,,0.48,34.22
Hubtown,HUBTOWN,Oberoi Realty,OBEROIRLTY,1600.70,23.06,58225.21,,,62.36,,52.14,,0.16,68.96
Hubtown,HUBTOWN,Prestige Estates,PRESTIGE,1342.70,59.54,57778.18,,,1157.63,,134.06,,0.92,22.53
Hubtown,HUBTOWN,Godrej Propert.,GODREJPROP,1686.30,27.22,50822.31,,,70.53,,62.99,,0.83,61.43
Hubtown,HUBTOWN,Anant Raj,ANANTRAJ,476.25,30.89,17140.89,,,23.57,,19.64,,0.12,15.42
Hubtown,HUBTOWN,Hubtown,HUBTOWN,206.32,19.65,2917.39,,,546.18,,65.37,,0.46,10.45
SG Finserve,SGFIN,Bajaj Finance,BAJFINANCE,921.10,29.86,573598.65,,,21.99,,18.10,,3.82,30.56
SG Finserve,SGFIN,Shriram Finance,SHRIRAMFIN,933.70,21.92,219754.08,,,40.94,,9.25,,3.80,53.28
SG Finserve,SGFIN,Muthoot Finance,MUTHOOTFIN,3290.90,12.47,132053.46,,,126.67,,65.23,,3.88,263.79
SG Finserve,SGFIN,Cholaman.Inv.&Fn,CHOLAFIN,1527.90,24.88,130163.51,,,30.62,,19.46,,6.93,61.41
SG Finserve,SGFIN,Tata Capital,TATACAP,302.95,26.35,128556.56,,,42.82,,9.12,,5.15,11.42
SG Finserve,SGFIN,L&T Finance Ltd,LTF,278.75,23.26,69851.87,,,26.79,,18.60,,3.94,11.90
SG Finserve,SGFIN,SBI Cards,SBICARD,624.00,27.41,59384.92,,,14.06,,5.57,,2.80,22.77
SG Finserve,SGFIN,SG Finserve,SGFIN,548.95,28.32,3615.74,,,77.68,,94.88,,1.85,19.56
Smartworks Cowor,SMARTWORKS,International Ge,IGIL,313.30,25.46,13535.42,,,18.25,,20.63,,0.10,12.30
Smartworks Cowor,SMARTWORKS,NESCO,NESCO,1238.70,21.41,8741.01,,,-4.82,,20.03,,0.04,57.95
Smartworks Cowor,SMARTWORKS,Wework India,WEWORK,483.85,28.44,6639.47,,,151.30,,28.95,,22.73,9.74
Smartworks Cowor,SMARTWORKS,Nirlon,NIRLON,604.30,16.59,5455.53,,,18.90,,5.32,,2.47,36.50
Smartworks Cowor,SMARTWORKS,NDR INVIT Trust,NDRINVIT,135.10,37.99,5350.13,,,-10.82,,33.50,,0.38,3.58
Smartworks Cowor,SMARTWORKS,CMS Info Systems,CMSINFO,301.40,16.00,4962.17,,,-20.37,,2.24,,0.09,18.43
Smartworks Cowor,SMARTWORKS,Smartworks Cowor,SMARTWORKS,419.85,451.15,4750.59,,,300.24,,44.99,,9.00,0.92
Godrej Propert.,GODREJPROP,DLF,DLF,573.15,33.50,141809.94,,,-3.22,,-42.00,,0.01,17.83
Godrej Propert.,GODREJPROP,Lodha Developers,LODHA,857.75,25.00,85694.17,,,9.35,,11.58,,0.42,34.32
Godrej Propert.,GODREJPROP,Phoenix Mills,PHOENIXLTD,1724.60,49.68,61669.81,,,50.04,,21.34,,0.48,34.22
Godrej Propert.,GODREJPROP,Oberoi Realty,OBEROIRLTY,1600.70,23.06,58225.21,,,62.36,,52.14,,0.16,68.96
Godrej Propert.,GODREJPROP,Prestige Estates,PRESTIGE,1342.70,59.54,57778.18,,,1157.63,,134.06,,0.92,22.53
Godrej Propert.,GODREJPROP,Godrej Propert.,GODREJPROP,1686.30,27.22,50822.31,,,70.53,,62.99,,0.83,61.43
Godrej Propert.,GODREJPROP,Anant Raj,ANANTRAJ,476.25,30.89,17140.89,,,23.57,,19.64,,0.12,15.42
NACL Industries,NACLIND,UPL,UPL,637.85,28.49,53836.99,,,-0.46,,17.74,,0.68,22.78
NACL Industries,NACLIND,P I Industries,PIIND,3096.30,34.44,47009.69,,,-39.61,,-27.63,,0.02,95.64
NACL Industries,NACLIND,Sumitomo Chemi.,SUMICHEM,449.65,41.43,22471.03,,,2.27,,-11.35,,0.02,10.64
NACL Industries,NACLIND,Bayer Crop Sci.,BAYERCROP,4300.00,28.82,19323.10,,,179.82,,4.62,,0.03,149.17
NACL Industries,NACLIND,Sharda Cropchem,SHARDACROP,901.20,11.93,8121.46,,,56.53,,12.93,,0.00,75.47
NACL Industries,NACLIND,Rallis India,RALLIS,255.60,24.61,4965.91,,,48.98,,6.05,,0.03,9.46
NACL Industries,NACLIND,Dhanuka Agritech,DHANUKA,1085.90,18.51,4905.02,,,-27.33,,-7.94,,0.02,58.78
NACL Industries,NACLIND,NACL Industries,NACLIND,161.11,221.23,3765.27,,,98.91,,79.19,,0.46,0.20
Poonawalla Fin,POONAWALLA,Bajaj Finance,BAJFINANCE,921.10,29.86,573598.65,,,21.99,,18.10,,3.82,30.56
Poonawalla Fin,POONAWALLA,Shriram Finance,SHRIRAMFIN,933.70,21.92,219754.08,,,40.94,,9.25,,3.80,53.28
Poonawalla Fin,POONAWALLA,Muthoot Finance,MUTHOOTFIN,3290.90,12.47,132053.46,,,126.67,,65.23,,3.88,263.79
Poonawalla Fin,POONAWALLA,Cholaman.Inv.&Fn,CHOLAFIN,1527.90,24.88,130163.51,,,30.62,,19.46,,6.93,61.41
Poonawalla Fin,POONAWALLA,Tata Capital,TATACAP,302.95,26.35,128556.56,,,42.82,,9.12,,5.15,11.42
Poonawalla Fin,POONAWALLA,L&T Finance Ltd,LTF,278.75,23.26,69851.87,,,26.79,,18.60,,3.94,11.90
Poonawalla Fin,POONAWALLA,SBI Cards,SBICARD,624.00,27.41,59384.92,,,14.06,,5.57,,2.80,22.77
Poonawalla Fin,POONAWALLA,Poonawalla Fin,POONAWALLA,415.15,67.44,36537.51,,,308.78,,81.39,,4.68,6.67
Sobha,SOBHA,DLF,DLF,573.15,33.50,141809.94,,,-3.22,,-42.00,,0.01,17.83
Sobha,SOBHA,Lodha Developers,LODHA,857.75,25.00,85694.17,,,9.35,,11.58,,0.42,34.32
Sobha,SOBHA,Phoenix Mills,PHOENIXLTD,1724.60,49.68,61669.81,,,50.04,,21.34,,0.48,34.22
Sobha,SOBHA,Oberoi Realty,OBEROIRLTY,1600.70,23.06,58225.21,,,62.36,,52.14,,0.16,68.96
Sobha,SOBHA,Prestige Estates,PRESTIGE,1342.70,59.54,57778.18,,,1157.63,,134.06,,0.92,22.53
Sobha,SOBHA,Godrej Propert.,GODREJPROP,1686.30,27.22,50822.31,,,70.53,,62.99,,0.83,61.43
Sobha,SOBHA,Anant Raj,ANANTRAJ,476.25,30.89,17140.89,,,23.57,,19.64,,0.12,15.42
Sobha,SOBHA,Sobha,SOBHA,1382.20,76.37,14770.21,,,124.77,,60.23,,0.22,18.09
Solara Active,SOLARA,Sun Pharma.Inds.,SUNPHARMA,1905.80,37.64,456827.45,,,18.73,,13.49,,0.07,45.49
Solara Active,SOLARA,Divi's Lab.,DIVISLAB,6835.00,71.62,181431.67,,,8.20,,12.29,,0.01,93.38
Solara Active,SOLARA,Torrent Pharma.,TORNTPHARM,4393.70,64.49,148687.59,,,27.63,,17.59,,0.33,67.13
Solara Active,SOLARA,Cipla,CIPLA,1426.20,28.25,115252.78,,,-54.61,,-2.80,,0.02,48.02
Solara Active,SOLARA,Dr Reddy's Labs,DRREDDY,1331.20,26.47,111088.76,,,-86.14,,-11.51,,0.20,50.27
Solara Active,SOLARA,Lupin,LUPIN,2252.40,17.88,103087.47,,,101.49,,31.89,,0.29,116.65
Solara Active,SOLARA,Mankind Pharma,MANKIND,2495.70,55.46,102992.53,,,29.05,,11.52,,0.55,43.11
Solara Active,SOLARA,Solara Active,SOLARA,561.35,,2032.14,,,516.19,,41.86,,0.55,-2.05
Eternal,ETERNAL,Eternal,ETERNAL,241.40,636.84,233085.10,,,346.15,,196.45,,0.15,0.38
Eternal,ETERNAL,Meesho,MEESHO,190.40,,87345.00,,,-55.96,,47.13,,0.01,-2.97
Eternal,ETERNAL,FSN E-Commerce,NYKAA,272.70,515.84,78102.19,,,178.56,,26.73,,1.01,0.49
Eternal,ETERNAL,Swiggy,SWIGGY,254.10,,70167.04,,,25.99,,44.74,,0.14,-15.05
Eternal,ETERNAL,Urban Company,URBANCO,122.26,,18829.79,,,-5574.65,,42.59,,0.06,-1.52
Eternal,ETERNAL,Brainbees Solut.,FIRSTCRY,216.91,,11314.71,,,-468.42,,11.57,,0.35,-3.58
Eternal,ETERNAL,Cartrade Tech,CARTRADE,1784.10,37.49,8547.80,,,54.50,,19.84,,0.06,46.58
SignatureGlobal,SIGNATURE,DLF,DLF,573.15,33.50,141809.94,,,-3.22,,-42.00,,0.01,17.83
SignatureGlobal,SIGNATURE,Lodha Developers,LODHA,857.75,25.00,85694.17,,,9.35,,11.58,,0.42,34.32
SignatureGlobal,SIGNATURE,Phoenix Mills,PHOENIXLTD,1724.60,49.68,61669.81,,,50.04,,21.34,,0.48,34.22
SignatureGlobal,SIGNATURE,Oberoi Realty,OBEROIRLTY,1600.70,23.06,58225.21,,,62.36,,52.14,,0.16,68.96
SignatureGlobal,SIGNATURE,Prestige Estates,PRESTIGE,1342.70,59.54,57778.18,,,1157.63,,134.06,,0.92,22.53
SignatureGlobal,SIGNATURE,Godrej Propert.,GODREJPROP,1686.30,27.22,50822.31,,,70.53,,62.99,,0.83,61.43
SignatureGlobal,SIGNATURE,Anant Raj,ANANTRAJ,476.25,30.89,17140.89,,,23.57,,19.64,,0.12,15.42
SignatureGlobal,SIGNATURE,SignatureGlobal,SIGNATURE,841.00,329.82,11837.12,,,61.39,,112.76,,1.61,77.90
Windsor Machines,WINDMACHIN,Aditya Infotech,CPPLUS,2417.10,112.18,28471.82,,,138.82,,37.32,,0.08,22.13
Windsor Machines,WINDMACHIN,Honeywell Auto,HONAUT,28685.00,49.45,25355.88,,,-2.51,,7.14,,0.02,571.40
Windsor Machines,WINDMACHIN,Kaynes Tech,KAYNES,3118.20,57.14,20898.60,,,-21.47,,26.22,,0.19,54.28
Windsor Machines,WINDMACHIN,Syrma SGS Tech.,SYRMA,969.95,58.27,18706.36,,,55.84,,58.49,,0.12,16.48
Windsor Machines,WINDMACHIN,LMW,LMW,14658.00,129.21,15677.99,,,5.54,,-1.07,,0.00,107.53
Windsor Machines,WINDMACHIN,Jyoti CNC Auto.,JYOTICNC,681.65,43.74,15500.10,,,10.31,,28.12,,0.40,15.58
Windsor Machines,WINDMACHIN,Tega Inds.,TEGA,1556.00,57.93,11696.51,,,-63.67,,-1.36,,0.21,30.01
Windsor Machines,WINDMACHIN,Windsor Machines,WINDMACHIN,277.10,2006.27,2427.59,,,212.70,,52.82,,0.17,0.07
Kalpat.,KALPATARU,DLF,DLF,573.15,33.50,141809.94,,,-3.22,,-42.00,,0.01,17.83
Kalpat.,KALPATARU,Lodha Developers,LODHA,857.75,25.00,85694.17,,,9.35,,11.58,,0.42,34.32
Kalpat.,KALPATARU,Phoenix Mills,PHOENIXLTD,1724.60,49.68,61669.81,,,50.04,,21.34,,0.48,34.22
Kalpat.,KALPATARU,Oberoi Realty,OBEROIRLTY,1600.70,23.06,58225.21,,,62.36,,52.14,,0.16,68.96
Kalpat.,KALPATARU,Prestige Estates,PRESTIGE,1342.70,59.54,57778.18,,,1157.63,,134.06,,0.92,22.53
Kalpat.,KALPATARU,Godrej Propert.,GODREJPROP,1686.30,27.22,50822.31,,,70.53,,62.99,,0.83,61.43
Kalpat.,KALPATARU,Anant Raj,ANANTRAJ,476.25,30.89,17140.89,,,23.57,,19.64,,0.12,15.42
Kalpat.,KALPATARU,Kalpat.,KALPATARU,322.35,69.80,6628.62,,,1326.83,,183.76,,2.23,4.55
Ideaforge Tech,IDEAFORGE,Bharat Electron,BEL,426.60,52.29,311871.97,,,20.45,,23.97,,0.00,8.16
Ideaforge Tech,IDEAFORGE,Hind.Aeronautics,HAL,4326.50,31.74,289322.42,,,5.52,,1.77,,0.00,136.30
Ideaforge Tech,IDEAFORGE,Bharat Dynamics,BDL,1309.20,82.58,47890.99,,,-50.44,,-31.91,,0.00,15.82
Ideaforge Tech,IDEAFORGE,Garden Reach Sh.,GRSE,2581.70,39.55,29582.70,,,24.14,,29.06,,0.01,65.29
Ideaforge Tech,IDEAFORGE,MTAR Technologie,MTARTECH,7110.50,222.98,21883.56,,,212.25,,67.14,,0.46,30.99
Ideaforge Tech,IDEAFORGE,Data Pattern,DATAPATTNS,3752.20,76.83,21022.85,,,21.30,,-12.96,,0.00,48.47
Ideaforge Tech,IDEAFORGE,Zen Technologies,ZENTEC,1557.00,72.96,14069.07,,,-68.80,,-45.20,,0.01,21.43
Ideaforge Tech,IDEAFORGE,Ideaforge Tech,IDEAFORGE,817.70,,3550.85,,,333.33,,594.44,,0.14,-3.94
Ather Energy,ATHERENERG,Bajaj Auto,BAJAJ-AUTO,10198.50,26.46,285029.39,,,101.63,,41.01,,0.58,384.41
Ather Energy,ATHERENERG,Eicher Motors,EICHERMOT,6913.00,35.07,189436.26,,,25.12,,22.94,,0.02,195.35
Ather Energy,ATHERENERG,TVS Motor Co.,TVSMOTOR,3291.00,51.26,156337.64,,,20.91,,30.42,,3.43,63.53
Ather Energy,ATHERENERG,Hero Motocorp,HEROMOTOCO,4957.00,17.00,99170.41,,,25.72,,30.18,,0.04,286.96
Ather Energy,ATHERENERG,Ather Energy,ATHERENERG,910.35,,34870.39,,,57.23,,73.75,,0.26,-13.51
Ather Energy,ATHERENERG,Ola Electric,OLAELEC,34.93,,15398.40,,,13.65,,-55.02,,0.72,-4.99
Ather Energy,ATHERENERG,Zelio E-Mobility,544563,449.40,45.74,950.48,,,67.66,,77.10,,0.70,12.57
