name,url,latest_quarter,is_fresh,fii_prev,fii_latest,fii_change,dii_prev,dii_latest,dii_change
Pine Labs,/company/PINELABS/consolidated/,Jun 2026,True,4.8,9.49,4.69,11.81,24.82,13.01
Lenskart Solut.,/company/LENSKART/consolidated/,Jun 2026,True,4.26,12.76,8.5,15.48,23.56,8.08
Gujarat Energy,/company/GUJENERGY/consolidated/,Jun 2026,True,3.98,10.85,6.87,14.76,24.18,9.42
ACME Solar Hold.,/company/ACMESOLAR/consolidated/,Jun 2026,True,3.6,4.39,0.79,7.05,19.1,12.05
GMR Urban,/company/GMRP&UI/consolidated/,Jun 2026,True,3.43,16.0,12.57,5.22,5.47,0.25
JSW Infrast,/company/JSWINFRA/consolidated/,Jun 2026,True,6.92,11.21,4.29,2.43,9.19,6.76
HFCL,/company/HFCL/consolidated/,Jun 2026,True,7.08,15.74,8.66,8.57,10.92,2.35
Billionbrains,/company/GROWW/consolidated/,Jun 2026,True,2.51,6.89,4.38,5.92,10.08,4.16
NRB Bearings,/company/NRBBEARING/consolidated/,Jun 2026,True,14.69,18.92,4.23,10.06,13.85,3.79
Afcom Holdings,/company/544224/,Jun 2026,True,0.05,0.68,0.63,0.85,7.96,7.11
Corona Remedies,/company/CORONA/,Jun 2026,True,2.25,3.63,1.38,7.02,12.9,5.88
Craftsman Auto,/company/CRAFTSMAN/consolidated/,Jun 2026,True,15.19,17.28,2.09,28.29,32.9,4.61
Premier Energies,/company/PREMIERENE/consolidated/,Jun 2026,True,5.72,7.92,2.2,13.69,17.97,4.28
Central Bank,/company/CENTRALBK/consolidated/,Jun 2026,True,0.75,0.93,0.18,4.82,10.95,6.13
NHPC Ltd,/company/NHPC/consolidated/,Jun 2026,True,10.34,12.29,1.95,10.78,14.54,3.76
Shaily Engineer.,/company/SHAILY/,Jun 2026,True,16.73,18.18,1.45,10.61,14.84,4.23
TIL,/company/TIL/consolidated/,Jun 2026,True,0.03,2.62,2.59,0.73,3.8,3.07
Poonawalla Fin,/company/POONAWALLA/consolidated/,Jun 2026,True,10.21,10.96,0.75,12.14,16.74,4.6
Tanfac Inds.,/company/506854/,Jun 2026,True,0.03,1.53,1.5,0.33,4.16,3.83
Ola Electric,/company/OLAELEC/consolidated/,Jun 2026,True,4.0,4.11,0.11,7.01,12.16,5.15
Paras Defence,/company/PARAS/consolidated/,Jun 2026,True,5.06,8.29,3.23,1.24,3.04,1.8
Meesho,/company/MEESHO/consolidated/,Jun 2026,True,4.17,5.19,1.02,5.56,9.14,3.58
General Insuranc,/company/GICRE/consolidated/,Jun 2026,True,2.05,2.43,0.38,13.55,17.73,4.18
OneSource Speci.,/company/ONESOURCE/consolidated/,Jun 2026,True,17.5,19.19,1.69,20.61,23.37,2.76
KRN Heat Exchan,/company/KRN/consolidated/,Jun 2026,True,6.66,8.86,2.2,6.39,8.33,1.94
GNG Electronics,/company/EBGNG/consolidated/,Jun 2026,True,2.78,5.27,2.49,5.2,6.82,1.62
Emcure Pharma,/company/EMCURE/consolidated/,Jun 2026,True,3.35,4.87,1.52,6.1,8.46,2.36
Astra Microwave,/company/ASTRAMICRO/consolidated/,Jun 2026,True,7.56,10.74,3.18,15.42,16.09,0.67
IOL Chemicals,/company/IOLCP/,Jun 2026,True,1.72,4.87,3.15,0.02,0.43,0.41
JSW Energy,/company/JSWENERGY/consolidated/,Jun 2026,True,9.74,11.41,1.67,14.29,16.16,1.87
JSW Cement,/company/JSWCEMENT/consolidated/,Jun 2026,True,2.93,3.7,0.77,8.74,11.49,2.75
Cupid,/company/CUPID/,Jun 2026,True,1.01,4.17,3.16,0.17,0.34,0.17
Anthem Bioscienc,/company/ANTHEM/consolidated/,Jun 2026,True,1.28,2.57,1.29,11.55,13.48,1.93
Senores Pharma.,/company/SENORES/consolidated/,Jun 2026,True,3.64,6.62,2.98,9.62,9.77,0.15
Titagarh Rail,/company/TITAGARH/consolidated/,Jun 2026,True,10.67,10.87,0.2,12.46,15.38,2.92
J & K Bank,/company/J&KBANK/consolidated/,Jun 2026,True,8.35,9.38,1.03,6.0,7.85,1.85
PTC India,/company/PTC/consolidated/,Jun 2026,True,27.46,28.88,1.42,7.52,8.95,1.43
South Ind.Bank,/company/SOUTHBANK/,Jun 2026,True,24.21,25.39,1.18,12.75,14.24,1.49
Sky Gold & Diam.,/company/SKYGOLD/consolidated/,Jun 2026,True,1.2,2.79,1.59,13.14,14.2,1.06
Religare Enterp.,/company/RELIGARE/consolidated/,Jun 2026,True,7.85,9.64,1.79,8.52,9.33,0.81
Vintage Coffee,/company/VINCOFE/consolidated/,Jun 2026,True,4.84,5.39,0.55,7.62,9.59,1.97
Goodluck India,/company/GOODLUCK/consolidated/,Jun 2026,True,1.56,2.48,0.92,4.99,6.5,1.51
Angel One,/company/ANGELONE/consolidated/,Jun 2026,True,12.81,13.76,0.95,18.88,20.34,1.46
Satin Creditcare,/company/SATIN/consolidated/,Jun 2026,True,3.52,4.88,1.36,5.3,6.32,1.02
IndusInd Bank,/company/INDUSINDBK/consolidated/,Jun 2026,True,28.57,29.17,0.6,40.13,41.86,1.73
Renaiss. Global,/company/RGL/consolidated/,Jun 2026,True,2.02,4.15,2.13,0.0,0.14,0.14
Nuvama Wealth,/company/NUVAMA/consolidated/,Jun 2026,True,16.94,19.0,2.06,8.3,8.49,0.19
Suzlon Energy,/company/SUZLON/consolidated/,Jun 2026,True,23.85,24.15,0.3,9.18,11.12,1.94
Va Tech Wabag,/company/WABAG/consolidated/,Jun 2026,True,16.6,18.25,1.65,5.77,6.33,0.56
Quadrant Future,/company/QUADFUTURE/,Jun 2026,True,0.02,1.85,1.83,1.7,2.08,0.38
Borosil Renew.,/company/BORORENEW/,Jun 2026,True,4.27,6.14,1.87,2.33,2.62,0.29
NIBE,/company/NIBE/consolidated/,Jun 2026,True,8.67,10.59,1.92,0.35,0.55,0.2
Krishna Institu.,/company/KIMS/consolidated/,Jun 2026,True,14.57,14.75,0.18,32.5,34.42,1.92
Gandhar Oil Ref.,/company/GANDHAR/consolidated/,Jun 2026,True,0.14,1.27,1.13,0.09,1.02,0.93
Timex Group,/company/TIMEX/,Jun 2026,True,1.32,2.5,1.18,0.51,1.37,0.86
Sudarshan Chem.,/company/SUDARSCHEM/consolidated/,Jun 2026,True,7.96,8.48,0.52,24.89,26.41,1.52
Cams Services,/company/CAMS/consolidated/,Jun 2026,True,44.44,44.88,0.44,22.06,23.54,1.48
Igarashi Motors,/company/IGARASHI/,Jun 2026,True,0.13,0.5,0.37,2.12,3.65,1.53
Anand Rathi Wea.,/company/ANANDRATHI/,Jun 2026,True,5.78,6.37,0.59,9.1,10.4,1.3
V2 Retail,/company/V2RETAIL/,Jun 2026,True,2.62,3.11,0.49,9.28,10.65,1.37
Black Box,/company/BBOX/consolidated/,Jun 2026,True,3.26,4.69,1.43,2.99,3.41,0.42
PNB Housing,/company/PNBHOUSING/consolidated/,Jun 2026,True,16.6,16.81,0.21,44.07,45.71,1.64
Mufin Green,/company/MUFIN/,Jun 2026,True,1.18,2.26,1.08,9.29,10.05,0.76
GMR Airports,/company/GMRAIRPORT/consolidated/,Jun 2026,True,20.17,21.74,1.57,4.93,5.14,0.21
Rico Auto Inds,/company/RICOAUTO/consolidated/,Jun 2026,True,2.14,3.58,1.44,0.09,0.24,0.15
JTL Industries,/company/JTLIND/consolidated/,Jun 2026,True,3.4,4.84,1.44,0.0,0.14,0.14
Quality Power El,/company/QPOWER/consolidated/,Jun 2026,True,2.28,3.37,1.09,5.97,6.45,0.48
Tata Technolog.,/company/TATATECH/consolidated/,Jun 2026,True,5.77,6.3,0.53,3.44,4.48,1.04
Diamond Power,/company/DIACABS/,Jun 2026,True,0.36,1.77,1.41,0.07,0.23,0.16
Alkem Lab,/company/ALKEM/consolidated/,Jun 2026,True,10.15,10.42,0.27,21.39,22.64,1.25
Ravindra Energy,/company/RELTD/consolidated/,Jun 2026,True,1.98,3.27,1.29,2.81,2.99,0.18
United Foodbrands,/company/UFBL/consolidated/,Jun 2026,True,9.66,10.55,0.89,16.73,17.22,0.49
SML Mahindra,/company/SMLMAH/,Jun 2026,True,0.77,1.24,0.47,1.56,2.43,0.87
Equitas Sma. Fin,/company/EQUITASBNK/,Jun 2026,True,14.74,15.7,0.96,50.87,51.25,0.38
Garware Hi Tech,/company/GRWRHITECH/consolidated/,Jun 2026,True,3.98,4.22,0.24,5.28,6.35,1.07
Neuland Labs.,/company/NEULANDLAB/consolidated/,Jun 2026,True,20.46,21.08,0.62,15.84,16.52,0.68
Samhi Hotels,/company/SAMHI/consolidated/,Jun 2026,True,44.28,44.62,0.34,16.39,17.35,0.96
Radico Khaitan,/company/RADICO/consolidated/,Jun 2026,True,17.63,18.2,0.57,27.35,28.08,0.73
Vadilal Inds.,/company/VADILALIND/consolidated/,Jun 2026,True,0.58,1.02,0.44,0.42,1.26,0.84
Pondy Oxides,/company/POCL/,Jun 2026,True,2.22,3.14,0.92,7.15,7.5,0.35
Edelweiss.Fin.,/company/EDELWEISS/consolidated/,Jun 2026,True,19.04,19.47,0.43,6.46,7.25,0.79
Nitin Spinners,/company/NITINSPIN/,Jun 2026,True,1.1,1.92,0.82,14.28,14.68,0.4
Avantel,/company/AVANTEL/consolidated/,Jun 2026,True,0.55,1.54,0.99,0.92,1.14,0.22
Arman Financial,/company/ARMANFIN/consolidated/,Jun 2026,True,2.61,3.08,0.47,4.18,4.85,0.67
Motisons Jewel,/company/MOTISONS/,Jun 2026,True,2.03,2.89,0.86,0.49,0.74,0.25
GNA Axles,/company/GNA/consolidated/,Jun 2026,True,1.27,1.7,0.43,11.0,11.59,0.59
Adani Green,/company/ADANIGREEN/consolidated/,Jun 2026,True,11.1,11.84,0.74,4.56,4.82,0.26
Panacea Biotec,/company/PANACEABIO/consolidated/,Jun 2026,True,1.6,2.31,0.71,1.96,2.25,0.29
Krsnaa Diagnost.,/company/KRSNAA/,Jun 2026,True,3.91,4.28,0.37,13.89,14.51,0.62
Tips Music,/company/TIPSMUSIC/,Jun 2026,True,7.48,7.99,0.51,4.94,5.36,0.42
ASK Automotive,/company/ASKAUTOLTD/consolidated/,Jun 2026,True,9.29,9.5,0.21,10.25,10.97,0.72
Himadri Special,/company/HSCL/consolidated/,Jun 2026,True,5.98,6.8,0.82,3.22,3.33,0.11
PSP Projects,/company/PSPPROJECT/consolidated/,Jun 2026,True,1.91,2.1,0.19,2.18,2.91,0.73
Sasken Technol.,/company/SASKEN/consolidated/,Jun 2026,True,18.54,19.11,0.57,1.05,1.39,0.34
Jayaswal Neco,/company/JAYNECOIND/,Jun 2026,True,0.9,1.32,0.42,0.3,0.78,0.48
Antelopus Selan,/company/ANTELOPUS/,Jun 2026,True,0.26,0.41,0.15,0.03,0.76,0.73
JSW Steel,/company/JSWSTEEL/consolidated/,Jun 2026,True,25.38,25.92,0.54,11.16,11.49,0.33
Zen Technologies,/company/ZENTEC/consolidated/,Jun 2026,True,5.99,6.47,0.48,10.06,10.42,0.36
Schneider Elect.,/company/SCHNEIDER/,Jun 2026,True,3.18,3.42,0.24,4.07,4.65,0.58
Usha Martin,/company/USHAMART/consolidated/,Jun 2026,True,14.77,15.1,0.33,14.81,15.26,0.45
Ethos,/company/ETHOSLTD/consolidated/,Jun 2026,True,10.89,11.33,0.44,23.59,23.91,0.32
ION Exchange,/company/IONEXCHANG/consolidated/,Jun 2026,True,4.63,4.86,0.23,14.8,15.32,0.52
Ivalue Infosolut,/company/IVALUE/consolidated/,Jun 2026,True,2.22,2.73,0.51,15.25,15.44,0.19
Pearl Global Ind,/company/PGIL/consolidated/,Jun 2026,True,6.48,6.82,0.34,18.8,19.16,0.36
Mah. Seamless,/company/MAHSEAMLES/consolidated/,Jun 2026,True,9.58,9.72,0.14,3.29,3.84,0.55
Monolithisch Ind,/company/MONOLITH/consolidated/,Jun 2026,True,1.31,1.79,0.48,2.61,2.82,0.21
Prem. Explosives,/company/PREMEXPLN/consolidated/,Jun 2026,True,1.18,1.67,0.49,9.17,9.37,0.2
Assoc.Alcohols,/company/ASALCBR/,Jun 2026,True,0.33,0.68,0.35,0.94,1.26,0.32
Bhagyanagar Ind,/company/BHAGYANGR/consolidated/,Jun 2026,True,0.41,0.86,0.45,0.0,0.2,0.2
Cosmo First,/company/COSMOFIRST/consolidated/,Jun 2026,True,2.13,2.4,0.27,1.13,1.49,0.36
AXISCADES Tech.,/company/AXISCADES/consolidated/,Jun 2026,True,1.16,1.45,0.29,1.63,1.96,0.33
Bank of Maha,/company/MAHABANK/consolidated/,Jun 2026,True,5.55,5.82,0.27,13.93,14.28,0.35
Saatvik Green,/company/SAATVIKGL/consolidated/,Jun 2026,True,0.03,0.19,0.16,10.52,10.97,0.45
Go Digit General,/company/GODIGIT/,Jun 2026,True,8.01,8.23,0.22,14.62,15.01,0.39
Diffusion Eng,/company/DIFFNKG/consolidated/,Jun 2026,True,0.41,0.72,0.31,8.13,8.42,0.29
Dec.Gold Mines,/company/DECNGOLD/consolidated/,Jun 2026,True,1.84,2.14,0.3,0.23,0.53,0.3
ASM Technologies,/company/526433/consolidated/,Jun 2026,True,0.23,0.49,0.26,0.43,0.72,0.29
Kwality Pharma,/company/KPL/consolidated/,Jun 2026,True,2.79,3.13,0.34,0.36,0.56,0.2
Arvind Fashions.,/company/ARVINDFASN/consolidated/,Jun 2026,True,11.97,12.15,0.18,24.63,24.99,0.36
Confidence Petro,/company/CONFIPET/consolidated/,Jun 2026,True,0.48,0.81,0.33,0.01,0.19,0.18
Exide Inds.,/company/EXIDEIND/consolidated/,Jun 2026,True,10.3,10.62,0.32,19.12,19.3,0.18
PCBL Chemical,/company/PCBL/consolidated/,Jun 2026,True,5.56,5.79,0.23,10.99,11.26,0.27
Sunflag Iron,/company/SUNFLAG/consolidated/,Jun 2026,True,0.54,0.86,0.32,0.04,0.21,0.17
Ram Ratna Wires,/company/RAMRAT/consolidated/,Jun 2026,True,0.17,0.47,0.3,0.44,0.62,0.18
A B Real Estate,/company/ABREL/consolidated/,Jun 2026,True,9.04,9.26,0.22,16.4,16.63,0.23
Vishnu Chemicals,/company/VISHNU/consolidated/,Jun 2026,True,2.3,2.51,0.21,5.72,5.94,0.22
Welspun Living,/company/WELSPUNLIV/consolidated/,Jun 2026,True,4.99,5.21,0.22,11.18,11.38,0.2
Zydus Wellness,/company/ZYDUSWELL/consolidated/,Jun 2026,True,3.17,3.32,0.15,18.87,19.13,0.26
John Cockerill,/company/COCKERILL/consolidated/,Jun 2026,True,0.02,0.32,0.3,0.0,0.11,0.11
Dr Lal Pathlabs,/company/LALPATHLAB/consolidated/,Jun 2026,True,17.18,17.35,0.17,21.37,21.59,0.22
Pix Transmission,/company/PIXTRANS/consolidated/,Jun 2026,True,0.41,0.61,0.2,2.51,2.7,0.19
Fiem Industries,/company/FIEMIND/consolidated/,Jun 2026,True,6.86,7.03,0.17,11.4,11.6,0.2
CARE Ratings,/company/CARERATING/consolidated/,Jun 2026,True,23.25,23.41,0.16,31.38,31.58,0.2
Dynamatic Tech.,/company/DYNAMATECH/consolidated/,Jun 2026,True,10.13,10.26,0.13,15.63,15.86,0.23
Sri Lotus,/company/LOTUSDEV/consolidated/,Jun 2026,True,1.0,1.2,0.2,1.59,1.73,0.14
Arrow Greentech,/company/ARROWGREEN/consolidated/,Jun 2026,True,0.06,0.2,0.14,0.82,0.99,0.17
Glaxosmi. Pharma,/company/GLAXO/consolidated/,Jun 2026,True,4.62,4.79,0.17,7.68,7.81,0.13
Balaji Amines,/company/BALAMINES/consolidated/,Jun 2026,True,2.99,3.17,0.18,1.46,1.58,0.12
Sh. Digvijay Cem,/company/SHREDIGCEM/,Jun 2026,True,0.38,0.5,0.12,1.29,1.42,0.13
Tatva Chintan,/company/TATVA/consolidated/,Jun 2026,True,3.81,3.93,0.12,2.99,3.11,0.12
